[
  {
    "id": "f4ee80bc-5804-4e5b-9108-d952f6cf65f3",
    "data": [
      {
        "text": "contribute",
        "userDefined": false
      }
    ],
    "isTemplate": false,
    "count": 0,
    "updated": 1542567819
  },
  {
    "id": "51278841-018c-42e7-a009-1707bfe09578",
    "data": [
      {
        "text": "Show details about contributing to GDG ahmedabad",
        "userDefined": false
      }
    ],
    "isTemplate": false,
    "count": 0,
    "updated": 1542567317
  },
  {
    "id": "7215a173-f787-401f-959d-b8bfd8f3595b",
    "data": [
      {
        "text": "I wanna contribute to GDG Ahmedabad",
        "userDefined": false
      }
    ],
    "isTemplate": false,
    "count": 0,
    "updated": 1542567317
  },
  {
    "id": "631a764a-b34f-44f1-b27d-09090b5fb85c",
    "data": [
      {
        "text": "How can i contribute to GDG Ahmedabad?",
        "userDefined": false
      }
    ],
    "isTemplate": false,
    "count": 0,
    "updated": 1542567317
  }
]