[
  {
    "id": "46994f7b-4c3d-4644-8e74-03d6a94ee6a2",
    "data": [
      {
        "text": "what is developer festival?",
        "userDefined": false
      }
    ],
    "isTemplate": false,
    "count": 0,
    "updated": 1538834923
  },
  {
    "id": "f0a4ccce-7911-4036-9891-6a03cbfb6f71",
    "data": [
      {
        "text": "What is devFest?",
        "userDefined": false
      }
    ],
    "isTemplate": false,
    "count": 0,
    "updated": 1538834923
  },
  {
    "id": "a246238d-cb47-4e45-aa75-8895b9cbdc68",
    "data": [
      {
        "text": "DevFest 2k18",
        "userDefined": false
      }
    ],
    "isTemplate": false,
    "count": 0,
    "updated": 1538504222
  },
  {
    "id": "f8302650-f5c3-4aae-80b5-84d3ac8c42ed",
    "data": [
      {
        "text": "GDG Ahmedabad DevFest ",
        "userDefined": false
      },
      {
        "text": "2018",
        "meta": "@sys.ignore",
        "userDefined": false
      }
    ],
    "isTemplate": false,
    "count": 0,
    "updated": 1538504516
  },
  {
    "id": "c23f8214-61f1-4a84-8597-d884fa26ca03",
    "data": [
      {
        "text": "Developer Festival",
        "userDefined": false
      }
    ],
    "isTemplate": false,
    "count": 0,
    "updated": 1538504222
  },
  {
    "id": "975a0a78-8d99-4504-af12-a76c2b62108c",
    "data": [
      {
        "text": "DevFest ",
        "userDefined": false
      },
      {
        "text": "2018",
        "meta": "@sys.ignore",
        "userDefined": false
      }
    ],
    "isTemplate": false,
    "count": 0,
    "updated": 1538504516
  },
  {
    "id": "eb1d8977-1675-46fa-bacf-28f01406630a",
    "data": [
      {
        "text": "tell me about developer festival of GDG Ahmedabad",
        "userDefined": false
      }
    ],
    "isTemplate": false,
    "count": 0,
    "updated": 1538834923
  },
  {
    "id": "0f61d8c6-1e3f-459e-ba85-678b6385f492",
    "data": [
      {
        "text": "tell me about devfest",
        "userDefined": false
      }
    ],
    "isTemplate": false,
    "count": 0,
    "updated": 1538834923
  },
  {
    "id": "914d7647-c5d7-47aa-8630-1019a45c1c7e",
    "data": [
      {
        "text": "DevFest",
        "userDefined": false
      }
    ],
    "isTemplate": false,
    "count": 0,
    "updated": 1538504222
  }
]