[
  {
    "id": "0680a28b-106b-4295-9590-ab0f3bb71908",
    "data": [
      {
        "text": "Jaldeep Asodariya",
        "alias": "committeeMembers",
        "meta": "@committeeMembers",
        "userDefined": false
      }
    ],
    "isTemplate": false,
    "count": 0,
    "updated": 1541265298
  },
  {
    "id": "47e4bd51-8ac7-4062-bfbd-dcc7394ef13b",
    "data": [
      {
        "text": "Pratik Patel",
        "alias": "committeeMembers",
        "meta": "@committeeMembers",
        "userDefined": false
      }
    ],
    "isTemplate": false,
    "count": 0,
    "updated": 1541265298
  },
  {
    "id": "95079912-e692-4066-971e-d09484d6c4ce",
    "data": [
      {
        "text": "Utpal Betai",
        "alias": "committeeMembers",
        "meta": "@committeeMembers",
        "userDefined": false
      }
    ],
    "isTemplate": false,
    "count": 0,
    "updated": 1541265298
  },
  {
    "id": "3c50e04c-e9ab-4cde-95ba-f791d407c920",
    "data": [
      {
        "text": "Dhruva Shastri",
        "alias": "committeeMembers",
        "meta": "@committeeMembers",
        "userDefined": false
      }
    ],
    "isTemplate": false,
    "count": 0,
    "updated": 1541265298
  },
  {
    "id": "5dceee4e-d17d-4010-bd29-947377a55938",
    "data": [
      {
        "text": "Dhrumil Shah",
        "alias": "committeeMembers",
        "meta": "@committeeMembers",
        "userDefined": false
      }
    ],
    "isTemplate": false,
    "count": 0,
    "updated": 1541265298
  },
  {
    "id": "66663e50-a2de-47f8-9723-92f1d6b52579",
    "data": [
      {
        "text": "Chintan Rathod",
        "alias": "committeeMembers",
        "meta": "@committeeMembers",
        "userDefined": false
      }
    ],
    "isTemplate": false,
    "count": 0,
    "updated": 1541265298
  },
  {
    "id": "27db6a1a-8470-4a6a-ac36-9b35b9fa69f3",
    "data": [
      {
        "text": "Paresh Mayani",
        "alias": "committeeMembers",
        "meta": "@committeeMembers",
        "userDefined": false
      }
    ],
    "isTemplate": false,
    "count": 0,
    "updated": 1541265298
  }
]