[
  {
    "id": "1dd260ab-d48a-4315-8a9c-d79a68d44d57",
    "data": [
      {
        "text": "hello again",
        "userDefined": false
      }
    ],
    "isTemplate": false,
    "count": 0,
    "updated": 1538402303
  },
  {
    "id": "6e6e6e5b-904e-496d-85a1-0671d5d4b8e6",
    "data": [
      {
        "text": "a good day",
        "userDefined": false
      }
    ],
    "isTemplate": false,
    "count": 0,
    "updated": 1538402303
  },
  {
    "id": "ff7c3320-a5de-429a-9092-22cd58dfd868",
    "data": [
      {
        "text": "lovely day isn\u0027t it",
        "userDefined": false
      }
    ],
    "isTemplate": false,
    "count": 0,
    "updated": 1538402303
  },
  {
    "id": "098be33f-369b-4747-8f4b-44ed363cc42f",
    "data": [
      {
        "text": "hello",
        "userDefined": false
      }
    ],
    "isTemplate": false,
    "count": 0,
    "updated": 1538402303
  },
  {
    "id": "cde8ee36-6f41-47be-8098-bd768fd7fc6b",
    "data": [
      {
        "text": "just going to say hi",
        "userDefined": false
      }
    ],
    "isTemplate": false,
    "count": 0,
    "updated": 1538402303
  },
  {
    "id": "c97dc774-f063-49f9-9911-bb199aebe386",
    "data": [
      {
        "text": "hi",
        "userDefined": false
      }
    ],
    "isTemplate": false,
    "count": 0,
    "updated": 1538402303
  },
  {
    "id": "32c734d0-de65-494a-80f3-7bad3d8b5a13",
    "data": [
      {
        "text": "I greet you",
        "userDefined": false
      }
    ],
    "isTemplate": false,
    "count": 0,
    "updated": 1538402303
  },
  {
    "id": "cc2544ec-4204-4052-b32b-5a5468e82e46",
    "data": [
      {
        "text": "hey there",
        "userDefined": false
      }
    ],
    "isTemplate": false,
    "count": 0,
    "updated": 1538402303
  },
  {
    "id": "ad1d4e66-2fc8-4788-ac9a-d85d7785579f",
    "data": [
      {
        "text": "howdy",
        "userDefined": false
      }
    ],
    "isTemplate": false,
    "count": 0,
    "updated": 1538402303
  },
  {
    "id": "d46d4d26-1551-4dec-bad2-d5749b6d4996",
    "data": [
      {
        "text": "hi there",
        "userDefined": false
      }
    ],
    "isTemplate": false,
    "count": 0,
    "updated": 1538402303
  },
  {
    "id": "e50423e4-6a7d-4535-ae62-28c14452bcc7",
    "data": [
      {
        "text": "How are you doing?",
        "userDefined": false
      }
    ],
    "isTemplate": false,
    "count": 0,
    "updated": 1538402303
  },
  {
    "id": "322952c1-9641-48de-8c97-9f4478a8c899",
    "data": [
      {
        "text": "greetings",
        "userDefined": false
      }
    ],
    "isTemplate": false,
    "count": 0,
    "updated": 1538402303
  },
  {
    "id": "8f94c9a1-90a6-4b37-a6cf-6e590aef498b",
    "data": [
      {
        "text": "long time no see",
        "userDefined": false
      }
    ],
    "isTemplate": false,
    "count": 0,
    "updated": 1538402303
  },
  {
    "id": "df44a32a-fab8-4ade-836c-0f79b8512f51",
    "data": [
      {
        "text": "Heya",
        "userDefined": false
      }
    ],
    "isTemplate": false,
    "count": 0,
    "updated": 1538402303
  }
]