[
  {
    "id": "ff66a315-4d95-43ad-902d-169ee9b434c8",
    "data": [
      {
        "text": "All Speakers",
        "userDefined": false
      }
    ],
    "isTemplate": false,
    "count": 0,
    "updated": 1542208141
  },
  {
    "id": "21bd6583-a71a-4e6b-a442-2af7246469d8",
    "data": [
      {
        "text": "speakers of devfest ",
        "userDefined": false
      },
      {
        "text": "2018",
        "meta": "@sys.ignore",
        "userDefined": false
      }
    ],
    "isTemplate": false,
    "count": 1,
    "updated": 1542095320
  },
  {
    "id": "a1daa987-9836-463e-92cd-21724ec5eea7",
    "data": [
      {
        "text": "list of speakers of devfest ",
        "userDefined": false
      },
      {
        "text": "2018",
        "meta": "@sys.ignore",
        "userDefined": false
      }
    ],
    "isTemplate": false,
    "count": 0,
    "updated": 1542095320
  },
  {
    "id": "3e821d75-f3ef-4638-90fc-00ae20577be2",
    "data": [
      {
        "text": "Speakers list",
        "userDefined": false
      }
    ],
    "isTemplate": false,
    "count": 0,
    "updated": 1542095320
  },
  {
    "id": "8e7ca035-ae7b-427a-8c19-5a48910c3c52",
    "data": [
      {
        "text": "details of all the speakers of devfest ",
        "userDefined": false
      },
      {
        "text": "2018",
        "meta": "@sys.ignore",
        "userDefined": false
      }
    ],
    "isTemplate": false,
    "count": 0,
    "updated": 1542095320
  },
  {
    "id": "ca6f9855-2e71-4464-aa03-6e2fd696f69b",
    "data": [
      {
        "text": "Show details of all the speakers of devfest ",
        "userDefined": false
      },
      {
        "text": "2018",
        "meta": "@sys.ignore",
        "userDefined": false
      }
    ],
    "isTemplate": false,
    "count": 0,
    "updated": 1542095320
  },
  {
    "id": "b9b5e373-302c-4638-a301-53c3ec17faf5",
    "data": [
      {
        "text": "List of Speakers",
        "userDefined": false
      }
    ],
    "isTemplate": false,
    "count": 0,
    "updated": 1542095320
  }
]