[
  {
    "id": "f4cfc248-3c64-4d72-9b2e-1c5889ad6ce2",
    "data": [
      {
        "text": "may i know talks on which technologies are there?",
        "userDefined": false
      }
    ],
    "isTemplate": false,
    "count": 0,
    "updated": 1542567046
  },
  {
    "id": "4b4425ba-c626-4eec-a4cd-370db1c39151",
    "data": [
      {
        "text": "May I know which topics will be covered ",
        "userDefined": false
      },
      {
        "text": "this year",
        "alias": "date-period",
        "meta": "@sys.date-period",
        "userDefined": false
      },
      {
        "text": "?",
        "userDefined": false
      }
    ],
    "isTemplate": false,
    "count": 0,
    "updated": 1542567046
  },
  {
    "id": "e9334d36-ac20-44eb-9ecc-e1bda173b0b5",
    "data": [
      {
        "text": "talks on which technologies ",
        "userDefined": false
      },
      {
        "text": "in this year\u0027s",
        "alias": "date-period",
        "meta": "@sys.date-period",
        "userDefined": false
      },
      {
        "text": " devfest?",
        "userDefined": false
      }
    ],
    "isTemplate": false,
    "count": 0,
    "updated": 1542567046
  },
  {
    "id": "5ac703f9-fdf6-4fc6-968a-a194d4d47699",
    "data": [
      {
        "text": "talks on which technologies?",
        "userDefined": false
      }
    ],
    "isTemplate": false,
    "count": 0,
    "updated": 1542567046
  },
  {
    "id": "de2a9778-748d-4ce8-8bad-379cd4d02199",
    "data": [
      {
        "text": "Which technologies are covered ",
        "userDefined": false
      },
      {
        "text": "in this year\u0027s",
        "alias": "date-period",
        "meta": "@sys.date-period",
        "userDefined": false
      },
      {
        "text": " devfest?",
        "userDefined": false
      }
    ],
    "isTemplate": false,
    "count": 0,
    "updated": 1542567046
  }
]