[
  {
    "id": "08af2439-e5cf-4bcc-9fe2-302f4159db8c",
    "data": [
      {
        "text": "are there any women speakers in devfest ",
        "userDefined": false
      },
      {
        "text": "2018",
        "meta": "@sys.ignore",
        "userDefined": false
      }
    ],
    "isTemplate": false,
    "count": 0,
    "updated": 1542208124
  },
  {
    "id": "c8d4680a-788d-481d-a6c1-149c16d58d9b",
    "data": [
      {
        "text": "women speakers in devefest ",
        "userDefined": false
      },
      {
        "text": "2018",
        "meta": "@sys.ignore",
        "userDefined": false
      }
    ],
    "isTemplate": false,
    "count": 0,
    "updated": 1542208124
  },
  {
    "id": "a2947f50-de60-40ac-9a61-6bd81eb9f818",
    "data": [
      {
        "text": "list of women speakers",
        "userDefined": false
      }
    ],
    "isTemplate": false,
    "count": 0,
    "updated": 1542208124
  },
  {
    "id": "c2fd353d-fbfb-44f8-a97f-ecb0144ffc40",
    "data": [
      {
        "text": "show the list of women speakers in devfest ",
        "userDefined": false
      },
      {
        "text": "2018",
        "meta": "@sys.ignore",
        "userDefined": false
      }
    ],
    "isTemplate": false,
    "count": 0,
    "updated": 1542208124
  },
  {
    "id": "5df58ade-7cbd-4d0f-9bbe-36fd6f86ca3d",
    "data": [
      {
        "text": "women speakers",
        "userDefined": false
      }
    ],
    "isTemplate": false,
    "count": 0,
    "updated": 1542207789
  },
  {
    "id": "056fab5a-c201-4e88-9154-ba322182dad0",
    "data": [
      {
        "text": "women in tech",
        "userDefined": false
      }
    ],
    "isTemplate": false,
    "count": 0,
    "updated": 1542207789
  }
]